GroupID,SubjectNum,ProlificID,s8_gptbase_app,s8_gptbase_emp,s8_llama_app,s8_llama_emp,s8_mistral_app,s8_mistral_emp,s8_gptlow_app,s8_gptlow_emp,s8_gpthigh_app,s8_gpthigh_emp,s8_human_app,s8_human_emp,s9_llama_app,s9_llama_emp,s9_mistral_app,s9_mistral_emp,s9_gptlow_app,s9_gptlow_emp,s9_gpthigh_app,s9_gpthigh_emp,s9_human_app,s9_human_emp,s9_gptbase_app,s9_gptbase_emp,s10_mistral_app,s10_mistral_emp,s10_gptlow_app,s10_gptlow_emp,s10_gpthigh_app,s10_gpthigh_emp,s10_human_app,s10_human_emp,s10_gptbase_app,s10_gptbase_emp,s10_llama_app,s10_llama_emp,s11_gptlow_app,s11_gptlow_emp,s11_gpthigh_app,s11_gpthigh_emp,s11_human_app,s11_human_emp,s11_gptbase_app,s11_gptbase_emp,s11_llama_app,s11_llama_emp,s11_mistral_app,s11_mistral_emp,s12_gpthigh_app,s12_gpthigh_emp,s12_human_app,s12_human_emp,s12_gptbase_app,s12_gptbase_emp,s12_llama_app,s12_llama_emp,s12_mistral_app,s12_mistral_emp,s12_gptlow_app,s12_gptlow_emp,s13_human_app,s13_human_emp,s13_gptbase_app,s13_gptbase_emp,s13_llama_app,s13_llama_emp,s13_mistral_app,s13_mistral_emp,s13_gptlow_app,s13_gptlow_emp,s13_gpthigh_app,s13_gpthigh_emp,s14_gptbase_app,s14_gptbase_emp,s14_llama_app,s14_llama_emp,s14_mistral_app,s14_mistral_emp,s14_gptlow_app,s14_gptlow_emp,s14_gpthigh_app,s14_gpthigh_emp,s14_human_app,s14_human_emp,s15_llama_app,s15_llama_emp,s15_mistral_app,s15_mistral_emp,s15_gptlow_app,s15_gptlow_emp,s15_gpthigh_app,s15_gpthigh_emp,s15_human_app,s15_human_emp,s15_gptbase_app,s15_gptbase_emp,age,gender,native language,english,hispanic,income,education
2,1,65cd3a4c58e3019111dfb62a,5,5,5,4,5,3,4,2,4,3,4,2,5,5,5,4,4,1,5,3,5,3,5,4,5,5,2,1,5,5,5,4,5,5,5,5,5,2,5,4,5,3,5,4,5,4,5,4,5,4,5,3,5,4,5,4,5,4,4,1,5,3,5,5,5,4,5,4,5,3,5,3,5,4,5,4,5,4,4,2,5,3,4,2,5,4,5,4,4,2,5,3,4,2,5,4,40,2,English,1,2,11,6
2,2,57237b5b84458100130240bc,5,4,5,3,5,2,5,1,5,2,5,4,5,3,5,3,5,1,5,4,5,3,5,3,5,4,4,1,5,5,5,5,5,4,5,5,5,4,5,5,5,3,5,4,5,4,5,4,5,2,5,1,5,3,5,3,5,3,5,1,5,1,5,2,5,3,5,2,5,1,5,4,5,3,5,2,5,2,5,1,5,3,5,1,5,4,5,2,5,1,5,4,5,1,5,2,48,1,English,1,2,7,5
2,3,64429c6f926610597b4bf681,5,5,4,5,4,4,3,2,4,5,4,4,4,5,4,4,3,2,4,4,3,3,4,4,4,4,1,1,5,5,5,5,5,5,5,5,4,3,4,4,4,2,4,3,4,4,4,4,4,4,4,4,4,4,4,4,4,4,3,3,4,4,4,5,4,5,4,5,4,3,4,5,5,5,5,4,4,4,4,2,4,5,4,2,5,4,4,4,4,4,4,5,4,3,4,5,61,1,English,1,2,10,6
2,4,65c009d9f5273153e073f655,5,5,5,5,4,4,4,3,5,5,4,4,5,5,4,4,2,1,4,5,5,5,4,4,5,5,1,1,4,5,3,5,5,5,3,4,4,4,5,5,5,5,5,5,5,5,5,4,5,5,4,3,5,5,4,4,4,4,2,2,3,4,5,5,5,5,4,4,2,2,4,5,5,4,5,5,4,4,2,2,5,5,3,2,5,5,4,4,3,3,5,5,2,4,5,5,24,2,English,1,2,5,5
2,5,5d64759fedf23500018f9334,5,5,5,5,5,5,5,3,5,5,5,4,5,5,5,5,4,2,5,4,5,3,5,5,5,4,1,1,5,5,5,4,5,3,5,4,5,3,5,5,5,5,5,4,5,5,5,4,5,5,4,3,5,5,5,5,5,4,5,4,5,5,5,5,5,5,5,4,5,3,5,5,5,5,5,5,5,4,4,4,5,5,4,2,5,5,5,4,5,4,5,5,2,2,5,5,54,2,English ,1,2,12,6
2,6,5cab4ce7fc216d0016162830,5,5,5,5,5,5,3,1,4,4,4,3,5,5,5,4,4,1,5,5,5,5,5,4,5,3,1,1,4,5,4,3,5,5,5,4,5,4,5,5,5,4,5,5,5,5,5,5,5,5,4,1,5,4,5,4,5,3,4,1,4,3,5,5,5,5,5,3,4,2,5,3,5,5,5,4,4,3,3,1,5,5,3,1,5,5,5,2,5,2,5,4,4,1,5,4,37,2,English,1,2,8,6
2,7,6329da934d2de8bcae57eed0,4,4,3,4,2,4,5,3,4,4,5,5,5,5,4,4,4,2,4,4,4,5,4,4,4,3,4,1,4,4,5,5,4,4,5,5,4,3,4,3,5,5,4,4,4,3,4,4,4,4,4,3,4,4,5,4,4,4,4,3,5,4,4,3,4,3,4,3,4,3,5,4,4,4,3,3,4,4,5,2,3,2,5,4,5,4,4,3,5,3,4,3,4,3,4,4,19,1,English,1,2,4,2
2,8,6554d2b8183af16a85112e28,5,5,4,4,5,4,5,3,4,4,5,5,4,4,4,3,5,4,5,4,5,5,4,3,5,4,4,2,4,2,5,3,4,3,5,4,4,4,4,4,5,4,4,3,5,3,5,5,4,3,4,4,5,4,4,3,4,4,5,3,4,5,4,3,4,3,4,4,4,3,5,3,4,5,5,4,4,3,4,4,4,5,4,3,4,4,4,3,4,5,5,3,4,4,4,3,25,1,English,1,2,6,6
2,9,6524305322b1779f67502b35,4,5,3,5,2,4,2,2,4,2,3,5,4,2,4,5,2,2,2,4,4,2,2,4,3,5,3,4,2,4,5,3,3,2,2,4,3,4,4,2,5,4,2,4,3,4,3,4,3,4,4,2,4,5,2,3,3,2,4,4,3,5,3,2,3,4,3,4,3,2,3,5,3,4,2,3,2,5,3,4,2,4,4,3,4,3,3,2,4,2,3,4,4,2,2,4,69,1,English,2,2,7,6
2,10,6325be0383521bf19d932615,5,5,3,3,4,3,2,1,4,4,4,2,5,5,4,4,4,3,4,5,5,3,5,4,5,5,1,2,3,4,2,4,3,4,4,4,4,3,3,5,4,5,4,4,5,5,4,4,4,4,3,2,4,4,3,4,4,4,4,3,3,4,5,5,3,3,4,4,3,4,5,5,4,4,4,3,3,3,3,4,4,4,3,4,4,4,4,4,4,3,3,4,3,3,4,4,34,1,English,1,2,9,5
2,11,65c252b8c77492c4cd360a09,4,3,5,5,3,3,2,1,5,4,5,4,4,3,4,3,2,2,5,4,4,4,4,4,5,4,1,1,4,3,3,2,5,5,5,5,4,3,5,5,3,2,4,3,5,4,4,4,5,5,4,3,3,2,4,2,5,4,4,4,1,1,5,5,5,4,5,4,3,3,5,4,5,5,4,4,3,3,2,2,4,3,2,2,5,4,5,5,4,3,4,3,5,4,5,4,,2,,2,2,6,6
2,12,6336e41b9c3ad46a883741fc,4,3,4,5,5,3,4,3,5,4,5,4,1,3,2,2,4,3,3,4,5,4,5,3,5,5,1,2,5,5,5,5,5,5,5,5,4,2,4,3,4,2,1,4,5,5,4,5,5,4,4,2,5,3,5,4,5,4,5,3,4,5,5,4,5,4,3,5,5,3,5,4,4,4,5,4,5,3,2,2,5,3,2,4,4,5,3,3,5,4,5,4,5,4,5,4,24,1,English,1,2,9,4
2,13,5f87d9bfc31a1322cfc32cbd,5,3,5,3,5,2,5,1,5,4,5,5,4,2,5,3,4,1,5,3,5,4,4,2,5,2,1,1,4,2,1,2,5,2,5,3,5,2,4,5,5,5,5,4,5,3,5,2,5,2,4,1,5,1,5,2,5,2,4,1,5,3,5,3,5,4,5,2,3,1,3,2,5,4,5,3,5,2,3,5,5,2,5,1,5,3,5,2,5,2,5,4,2,1,5,4,38,2,English ,1,1,7,5
2,14,65a5afee21ddeb8aafa892fd,4,4,5,5,5,5,5,2,4,3,5,5,1,4,2,4,4,4,4,5,4,3,5,4,4,4,3,1,5,4,5,5,4,4,4,3,2,5,2,4,4,5,4,5,5,5,4,4,4,3,4,4,5,3,5,5,4,5,4,1,4,2,4,2,5,4,4,3,4,3,5,4,4,5,5,2,4,1,4,3,4,4,2,2,4,1,4,2,4,3,4,4,4,3,4,4,51,1,ENGLISH,1,2,11,6
2,15,55a4323dfdf99b02ff6caf81,5,4,5,5,5,5,5,4,5,5,5,5,5,4,5,4,4,3,4,3,5,4,5,5,5,5,3,2,5,5,5,5,5,5,5,5,5,3,5,5,5,5,5,5,5,5,5,5,5,5,5,4,5,5,5,5,5,5,4,4,5,3,5,4,5,4,5,4,4,3,4,3,5,4,5,4,5,4,5,5,5,5,4,2,5,3,5,4,5,3,5,3,4,4,5,5,41,1,English ,1,2,5,4
2,16,6537eeee061d17231e89c8e6,5,3,4,5,4,5,3,4,4,4,3,5,4,5,3,5,4,5,4,3,3,4,4,5,5,4,4,3,4,4,4,4,3,4,5,4,3,4,3,4,4,3,5,4,4,4,4,3,4,4,3,3,4,2,5,4,4,5,2,4,3,2,4,1,4,3,5,5,4,5,4,4,4,5,3,4,4,4,4,4,3,4,4,5,4,5,3,5,5,4,4,5,4,3,4,4,56,1,english,1,2,11,5
2,17,562cfb97733ea0000a162a0b,5,5,5,5,4,5,3,3,5,4,4,3,5,4,4,4,3,3,4,4,5,4,5,4,5,5,2,1,5,4,4,4,5,5,4,5,4,1,5,5,5,4,4,3,4,4,4,3,5,3,5,3,5,4,5,3,4,2,4,2,2,2,3,4,5,4,4,3,1,1,3,4,5,5,5,4,4,3,5,4,4,4,3,2,5,3,5,3,4,2,5,4,2,3,5,4,43,1,english,1,2,12,5
2,18,62769797db0ff6f93df21cda,2,2,4,3,3,2,4,4,4,3,4,3,4,4,3,2,4,2,4,4,3,2,3,3,3,3,5,4,2,2,3,3,2,1,4,3,4,3,4,4,4,4,3,3,2,2,4,2,5,3,4,3,3,3,3,2,4,4,2,2,3,3,4,2,4,3,2,2,4,2,4,3,2,2,4,3,3,3,2,2,4,3,4,3,2,2,3,2,3,3,4,4,3,2,3,1,42,1,,1,2,3,2
2,19,65b00e15c91bb63e6979a49f,5,4,5,4,5,5,5,4,5,5,5,5,5,4,4,4,4,4,4,5,4,4,4,3,5,4,4,4,4,5,5,5,4,3,4,4,5,4,5,5,5,4,5,4,4,4,4,4,4,4,4,4,4,5,4,4,4,5,5,4,4,4,4,5,5,5,4,5,4,4,4,5,4,4,4,5,5,5,4,4,4,5,5,5,4,4,4,3,5,4,4,5,4,2,5,4,67,1,English,1,2,8,5
2,20,629288376055ad7fb05bbf77,5,5,4,4,4,4,4,2,5,5,5,5,3,5,4,4,3,2,5,5,4,4,5,5,4,5,2,1,5,5,4,5,5,5,5,5,5,5,4,3,5,4,5,5,4,4,5,4,5,5,3,2,5,5,5,5,5,4,4,2,4,4,4,4,5,5,4,4,3,2,4,4,5,5,5,5,5,5,4,3,5,5,5,5,4,4,5,4,4,4,4,5,3,3,5,5,48,1,english,1,2,7,5
2,21,5dacf0bb8f8b6800114d9013,5,5,5,5,5,5,5,5,5,5,5,3,5,5,5,5,4,2,5,5,5,5,5,5,5,5,2,2,5,5,5,5,5,5,5,5,5,4,5,5,5,5,5,5,5,5,5,5,5,5,2,1,5,4,5,5,5,5,5,4,5,5,5,5,5,5,5,5,5,5,5,5,5,5,5,5,5,5,2,1,5,5,2,2,5,5,5,5,5,4,5,5,5,5,5,5,22,1,"English, Spanish",1,1,12,5
2,22,65c23e917987e70eae4d5d73,5,4,5,4,5,4,4,3,4,4,4,4,4,4,4,4,4,4,4,4,5,4,3,3,4,3,4,4,2,4,4,4,4,4,4,4,3,3,5,4,4,2,2,4,4,4,4,4,5,5,5,4,4,4,3,2,3,2,3,2,4,4,4,4,4,4,4,4,4,4,4,4,4,4,4,4,4,4,2,3,4,3,4,2,4,4,4,4,2,4,4,4,4,4,4,4,,1,English ,1,2,6,4
2,23,657cbd52949ddd9d3426dbba,5,5,5,5,5,5,2,2,4,3,4,3,5,5,5,5,1,1,5,5,5,4,5,5,5,4,1,1,5,5,5,5,5,5,5,5,4,3,5,5,5,4,5,5,5,4,5,4,5,5,5,5,5,5,5,4,5,4,4,1,5,4,5,5,5,5,5,5,4,2,5,5,5,4,5,5,5,4,4,2,5,5,5,5,5,5,5,5,4,3,5,5,2,1,5,4,71,2,English,1,2,5,3
2,24,5a73c8ab82968f0001a6d7f4,5,4,5,4,5,4,5,3,5,5,4,4,5,4,5,4,3,3,5,4,5,5,5,4,5,5,2,3,5,5,5,5,5,4,5,4,5,5,5,5,5,5,5,4,5,5,5,4,5,4,5,3,5,5,5,4,5,4,5,4,5,5,5,4,5,5,5,3,4,2,5,4,5,5,5,4,5,4,2,3,4,5,4,2,5,4,5,4,5,2,5,5,4,3,5,4,21,2,English,1,2,6,3
2,25,63d807630c4c634d732c19e8,5,5,4,4,4,3,4,2,5,5,4,3,5,5,5,5,3,2,5,5,4,4,5,5,5,5,1,1,5,5,5,5,5,5,5,5,4,4,5,5,5,5,5,5,5,5,4,4,5,5,4,4,5,5,4,4,4,4,4,3,5,5,5,5,5,5,5,5,4,4,5,5,5,5,4,4,3,3,3,2,5,5,1,1,5,5,5,5,3,2,4,4,2,1,5,5,52,2,English,1,2,3,3
2,26,60fe076cdaf85311b32cb6a0,5,5,5,5,5,5,4,3,5,5,4,4,5,5,5,5,4,3,5,5,5,5,5,5,5,5,1,1,5,5,4,4,5,5,5,5,4,3,5,5,5,5,5,5,5,5,5,5,5,5,5,4,5,4,5,4,5,4,4,3,5,4,5,5,5,5,5,4,4,3,4,4,5,5,5,5,5,5,4,3,5,5,4,3,5,5,5,5,5,5,5,5,4,4,5,5,62,2,English ,1,2,12,3
2,27,5e76ca9681ea06243ff82c46,3,1,2,1,4,2,3,1,4,3,4,2,4,2,3,1,2,1,4,2,4,3,4,2,4,2,2,1,3,2,1,1,1,1,1,1,3,1,4,3,5,3,4,2,4,3,3,2,4,2,4,2,4,2,5,3,4,2,4,1,4,3,4,2,4,4,4,1,4,1,4,1,2,1,3,2,5,3,2,1,2,1,3,1,5,3,4,2,5,2,4,2,3,2,5,2,30,1,English,1,2,12,1
2,28,6335f1eb5ef26b8fa705d96e,5,5,5,5,5,5,4,3,4,5,4,5,5,5,5,4,4,1,5,5,5,4,5,5,5,5,1,1,5,5,5,5,5,5,5,5,5,3,4,5,4,5,5,5,4,5,5,5,5,5,5,4,5,5,5,4,5,4,5,3,5,5,4,5,5,5,5,5,3,2,4,5,5,5,5,5,5,4,2,2,4,5,5,4,5,5,5,4,5,3,5,5,5,3,5,5,33,1,English,1,2,3,5
2,29,65da69e82071e92f6d842bc2,5,5,5,5,5,3,2,2,5,4,4,4,5,5,4,2,2,1,5,5,5,4,5,3,5,5,1,1,5,5,5,5,5,5,5,5,4,3,3,4,5,5,5,4,5,5,5,5,5,4,4,2,5,5,5,5,4,2,2,1,4,4,5,5,5,4,4,2,1,2,3,2,5,5,5,3,5,4,1,2,3,3,2,2,5,5,4,2,3,2,5,5,2,2,5,4,25,2,English,1,2,11,3
2,30,5f97253793335bOa74991119,5,5,5,4,3,3,2,1,5,5,3,3,5,5,5,4,1,1,5,5,4,3,5,4,5,5,1,1,5,5,2,3,5,5,4,4,4,2,5,4,5,4,5,4,5,5,4,4,5,4,5,5,5,5,4,3,4,3,2,2,4,5,4,5,5,5,4,4,3,2,3,3,4,4,5,5,4,4,2,1,4,3,4,2,5,5,5,4,4,2,4,3,2,2,5,5,72,2,English,1,2,6,3
2,31,65661eb44ccd2298e4c3cd23,5,5,5,5,5,5,4,3,5,5,4,4,5,5,5,4,4,1,5,5,5,4,5,3,5,5,1,1,5,5,4,4,5,5,5,5,5,2,5,5,5,5,5,4,5,5,5,5,5,5,4,2,5,2,5,4,5,5,5,2,4,4,4,4,5,5,5,5,5,4,5,4,5,5,5,4,5,3,4,4,5,4,5,1,5,4,5,2,5,1,5,5,2,2,5,5,48,2,English,1,1,11,5
2,32,60f728553a37102574b585c4,5,4,5,4,4,2,2,1,4,3,4,4,5,5,5,4,4,2,4,2,4,2,4,3,5,4,1,1,5,4,4,3,5,5,4,2,4,3,5,5,5,5,5,5,5,5,5,5,5,4,5,4,4,3,4,3,4,2,3,1,4,2,5,4,5,5,5,4,3,1,4,3,4,2,5,4,4,3,2,1,4,2,1,1,5,5,4,2,4,2,5,5,4,2,5,5,,2,,1,2,11,6
2,33,628f76b86068bc13224921ce,5,5,4,4,4,3,1,1,5,5,2,4,5,5,4,4,1,1,5,4,4,4,5,4,4,4,1,1,5,5,2,2,5,5,4,3,1,1,4,4,4,4,4,3,4,5,4,4,5,4,5,4,5,4,5,4,4,2,3,1,4,3,5,5,4,4,5,3,1,1,5,5,5,5,5,5,4,2,1,1,5,5,1,1,4,5,5,4,2,1,5,5,1,1,5,5,33,1,English,1,2,8,6
2,34,6237e3dd84d00736f51ed0e4,3,2,3,2,4,3,3,2,4,3,2,1,4,4,3,2,2,1,4,3,3,1,3,2,3,2,2,1,4,4,4,4,3,2,4,4,4,2,4,4,4,3,4,3,4,4,4,2,4,3,3,2,4,3,4,3,4,3,3,2,3,2,4,3,4,4,4,3,3,1,4,3,4,4,4,4,4,3,3,2,4,3,3,2,4,2,3,2,3,1,4,3,3,2,4,3,51,4,english,1,2,10,5
2,35,65b3dad843773844cda50ff5,4,4,5,5,4,4,5,4,4,5,3,3,5,5,4,4,5,4,4,5,5,4,2,1,4,4,5,5,3,4,3,3,4,4,5,4,2,2,3,2,4,5,4,3,3,5,3,5,4,3,4,3,3,4,4,5,5,5,3,2,2,3,3,2,3,4,4,5,4,3,5,4,3,4,5,4,4,3,5,5,4,4,5,4,3,3,2,1,3,2,4,3,2,3,4,4,52,1,english,1,2,8,5
2,36,615374d9fd9b41728babd974,5,4,5,4,3,3,1,1,4,4,4,4,4,2,4,3,4,2,4,2,4,4,5,5,5,5,2,1,5,5,5,5,5,5,5,5,5,4,4,3,3,3,4,3,4,5,5,5,4,4,4,3,4,4,4,4,5,5,4,4,5,4,5,5,5,4,5,4,5,5,5,5,4,4,4,4,4,4,1,1,3,3,3,3,5,3,5,3,4,3,4,4,3,3,4,3,59,2,English,1,2,7,6
2,37,5f117601aeef1d5095578b01,5,4,4,3,5,4,3,2,5,5,3,1,5,5,5,5,4,2,5,4,4,4,5,5,5,5,1,1,5,5,4,5,5,5,5,5,4,2,5,5,5,5,5,4,5,5,5,4,5,5,4,2,4,2,5,4,5,5,5,5,5,5,5,5,4,5,4,5,2,4,4,4,1,1,1,1,5,4,3,4,4,4,5,3,5,5,5,3,5,2,5,4,2,2,5,3,36,2,English,1,2,5,3
2,38,637e4fc1594d2ded19f7e071,4,2,4,2,4,1,2,1,5,4,4,2,4,2,4,1,2,1,5,3,4,2,4,2,4,1,2,1,5,5,2,1,4,2,4,1,4,1,5,4,4,2,4,2,4,3,3,1,5,3,2,1,4,2,3,2,3,1,2,1,4,2,5,2,4,5,3,1,2,1,3,1,4,1,3,1,4,1,2,1,5,3,2,1,5,3,4,2,3,1,5,4,3,1,5,4,57,2,English,1,2,11,6
2,39,5efe29d315ba872fa20a9c3d,4,4,5,5,5,4,3,2,4,3,4,4,5,5,4,3,4,2,4,3,3,2,4,4,5,5,2,2,4,4,3,3,5,5,5,5,4,4,5,5,5,5,4,5,5,5,4,3,3,3,4,2,4,2,3,3,4,3,4,2,4,4,5,4,5,5,4,3,3,2,5,5,4,5,5,4,4,4,3,2,3,3,3,1,5,4,5,3,5,3,4,2,4,3,4,3,27,1,English,1,2,4,6
2,40,63ff612a5b78c13aa28fa88c,4,4,5,4,4,4,4,4,4,5,5,4,3,4,4,5,5,4,3,4,4,5,3,2,3,5,3,4,4,5,3,4,5,4,3,4,4,5,3,4,2,2,4,3,4,4,4,4,4,5,3,5,3,4,4,5,4,3,4,5,4,5,4,4,3,4,4,5,3,4,3,4,3,4,4,4,4,3,4,4,5,4,4,3,4,3,3,4,4,5,3,4,4,4,3,5,63,1,english,1,2,11,5
2,41,60b348a8332d26d4b88be6a1,4,5,4,5,4,5,4,5,4,5,4,5,4,5,4,5,4,5,4,5,4,5,4,5,4,5,4,5,4,5,4,5,4,4,4,5,4,5,4,5,2,5,4,5,4,5,4,5,4,5,4,4,4,5,4,5,4,5,4,5,4,5,4,5,4,5,4,5,4,5,4,5,4,5,4,5,4,5,4,5,4,5,4,3,4,4,4,5,4,5,4,5,4,5,4,5,41,1,english,1,2,11,5
2,42,64721b8657ab72945a1fc401,4,4,4,4,4,4,4,4,4,4,4,2,4,3,4,3,4,2,4,3,4,2,4,4,4,5,5,5,4,5,4,5,4,4,4,4,4,2,4,4,4,3,4,3,4,3,4,3,5,3,4,3,4,3,4,4,4,4,4,3,4,3,4,4,4,4,4,3,4,3,4,3,4,3,4,3,4,3,2,2,4,3,4,3,4,4,4,3,4,4,4,3,4,4,4,4,51,2,English,1,2,5,3
2,43,628d62e2c99c773b217f1321,5,4,4,4,4,4,4,2,4,3,4,5,5,4,4,1,4,2,5,4,5,3,4,4,4,2,1,1,5,4,2,2,4,3,4,1,5,3,4,3,5,3,5,2,5,3,5,3,4,5,4,4,4,2,4,2,4,2,4,1,4,3,5,4,4,3,4,2,2,1,4,2,4,2,4,1,4,1,2,1,4,3,4,1,5,2,4,1,4,1,4,3,2,2,5,3,29,1,English,1,2,6,3
2,44,6559cdab800b1fea9ae41e51,5,5,5,5,5,5,4,2,5,5,5,5,5,5,5,4,4,1,5,5,5,5,5,4,5,5,1,1,5,5,4,5,5,5,5,5,4,2,5,5,5,5,5,5,5,5,5,4,5,5,5,2,5,5,5,4,5,3,4,2,4,4,5,5,5,3,5,3,4,2,5,5,5,5,5,5,5,3,4,2,5,3,5,1,5,5,5,4,4,2,5,4,4,3,5,5,26,1,English,1,2,7,2
2,45,5f4a187b40b01f589fe766eb,5,4,5,5,5,5,3,3,4,4,5,5,5,5,4,3,3,1,4,3,3,4,5,4,4,4,4,4,5,5,3,2,4,3,5,4,4,3,5,4,5,4,5,4,5,5,5,4,5,4,5,4,5,5,5,4,5,4,4,2,5,5,5,4,5,4,5,3,4,2,3,2,4,3,4,3,4,4,4,2,4,4,3,1,5,4,4,4,3,4,4,4,3,3,5,5,35,2,English,1,2,7,5
2,46,6532afc996aad781b8ade182,5,5,5,5,5,4,5,4,5,4,5,5,5,5,5,5,4,2,5,5,5,4,5,3,3,3,1,1,5,5,5,5,5,5,4,3,5,4,5,5,5,5,5,5,5,4,5,5,5,5,4,4,5,5,5,4,4,3,5,2,5,3,4,2,4,4,4,4,3,1,4,4,5,5,5,5,4,4,3,3,4,4,4,1,4,3,3,3,4,2,4,5,5,4,4,3,35,2,English,1,2,5,5
2,47,6400dc9f84ed19aeedc1a2cc,5,5,4,4,5,5,2,1,4,4,2,1,5,5,4,3,2,1,4,4,5,4,4,5,5,5,1,1,5,5,3,3,5,5,5,5,5,4,5,5,5,5,5,5,5,5,5,5,5,5,4,2,5,4,5,5,4,3,4,2,4,3,5,5,5,4,5,5,4,2,5,5,5,5,5,5,4,4,2,2,4,3,2,2,5,5,4,3,4,3,5,5,2,2,5,5,26,1,English,1,2,2,2
2,48,59b8b9856495ef00019fbc20,5,4,5,3,5,3,4,2,4,5,4,3,5,5,5,4,4,2,4,4,5,4,4,3,5,5,2,2,5,5,4,5,5,5,5,5,4,3,5,5,5,5,5,4,5,3,5,3,5,5,4,3,4,3,5,4,5,2,4,2,5,3,5,3,5,5,5,3,3,3,4,3,5,3,4,2,5,2,3,2,4,2,3,1,5,3,5,3,5,2,5,4,4,2,5,3,32,2,"English, Cantonese ",1,2,11,5
2,49,60fde74940100db428b34a06,2,2,4,4,5,5,4,3,5,5,5,5,5,5,5,5,4,3,4,4,5,5,5,5,5,5,2,1,5,5,5,5,5,5,4,5,5,4,5,5,5,5,5,5,5,5,5,5,5,5,3,2,5,4,4,4,4,4,3,2,5,4,5,4,5,5,5,4,4,3,4,5,5,5,5,5,4,4,2,1,5,5,3,2,4,4,5,5,4,3,5,4,3,3,5,5,60,2,English,1,1,12,7
2,50,60e61c77014244762b8a13e2,5,4,5,3,3,2,2,1,5,5,3,1,5,5,5,2,2,1,5,3,4,3,4,2,5,5,1,1,5,5,5,5,5,5,5,5,4,4,5,5,5,5,5,5,5,5,5,5,5,4,4,1,5,3,5,4,4,1,4,2,5,5,5,5,5,5,4,4,4,2,5,2,5,5,5,3,5,2,3,1,5,4,2,1,5,5,4,1,4,2,5,3,3,1,5,4,51,2,English ,1,2,2,2
2,51,5a5a507d76d1c60001ab2ac7,5,3,4,4,5,2,3,1,5,4,2,1,5,5,5,4,2,1,5,5,5,5,5,3,5,5,2,1,5,5,5,5,5,5,5,5,5,5,5,4,5,5,5,4,5,5,5,3,5,3,3,1,5,3,4,3,5,2,3,2,5,5,5,3,5,5,5,3,3,1,5,5,5,1,5,2,5,1,4,3,5,2,2,1,5,3,5,2,5,2,5,4,2,2,5,4,63,2,English,1,2,2,3
2,52,5def2443689fea5be49a94e4,5,5,5,5,5,5,4,2,5,5,4,1,5,5,5,4,4,1,5,4,5,4,5,5,5,5,2,1,5,5,3,4,5,5,4,2,5,3,4,4,4,1,5,5,4,5,5,4,5,4,5,4,5,4,5,4,5,2,4,1,4,4,4,4,5,5,4,4,3,3,3,4,5,5,5,4,5,3,4,2,5,4,4,2,5,3,5,2,4,2,5,4,4,4,5,5,46,1,English ,1,2,12,6
2,53,63f5bd2234dd912255ca17c8,3,5,5,5,5,5,4,5,1,1,1,1,3,5,5,5,3,2,3,5,3,3,5,5,5,5,1,1,5,5,2,2,5,5,5,5,5,4,3,5,3,5,5,5,3,5,3,5,5,5,3,2,5,5,5,5,5,5,5,4,3,3,5,5,5,5,5,4,3,1,5,5,3,3,5,5,5,5,1,1,2,2,3,1,3,2,3,2,3,2,5,5,1,1,5,5,53,2,English,1,2,6,4
2,54,5dd319faef419732324ad6cc,5,4,5,5,5,5,4,3,4,3,5,3,5,5,5,4,4,3,5,5,5,4,5,5,5,5,2,2,5,5,5,5,5,5,5,5,1,1,5,5,3,2,5,5,5,5,5,5,4,4,4,4,5,5,3,4,5,4,3,2,5,4,5,4,5,5,5,4,3,2,4,5,5,5,5,5,5,5,4,5,5,5,3,2,5,4,5,4,4,4,5,5,4,3,5,5,57,2,English,1,2,5,7
2,55,6539a45c2de366185e3fd515,5,5,5,5,5,4,3,3,5,5,4,5,5,5,4,4,2,1,4,4,4,3,4,4,5,5,2,2,4,5,3,5,5,5,5,5,4,2,4,4,4,4,4,5,4,5,5,4,5,5,3,4,5,4,5,5,4,4,4,3,4,4,5,4,4,3,4,4,3,3,4,5,5,5,5,4,5,4,2,3,4,4,2,1,5,4,4,2,4,3,5,5,2,4,5,5,41,1,English,1,2,11,6
2,56,611eb5db46ee495d60b16aae,4,4,5,4,5,4,5,1,4,3,5,5,5,4,4,3,4,1,5,3,5,5,5,3,5,4,1,1,5,3,5,5,5,4,5,5,4,2,4,2,5,4,5,4,5,4,4,3,5,5,5,2,5,3,5,3,5,4,4,3,4,4,5,4,5,5,4,3,2,1,5,3,5,5,5,3,5,4,3,2,5,5,3,1,5,5,5,3,4,2,5,5,4,4,5,5,48,3,English,1,2,4,5
2,57,65d72683171c098f14a1848a,5,5,5,5,5,3,2,1,5,4,5,4,5,5,5,5,2,1,5,4,5,4,5,5,5,4,1,1,5,5,4,3,5,4,5,4,5,4,5,5,5,5,5,5,5,5,5,4,5,4,4,3,5,4,5,5,5,4,4,2,4,2,5,3,5,4,5,4,4,2,5,5,5,4,5,4,5,3,3,2,5,3,2,1,5,5,5,4,4,3,5,4,4,3,5,5,32,2,English ,1,2,6,3
2,58,65e12b49f5dd69dd609a5eaf,5,5,5,5,5,5,4,4,4,4,5,5,5,5,4,4,4,3,5,4,4,4,4,4,5,5,2,2,5,5,4,4,5,5,5,5,4,2,5,5,4,4,5,5,4,4,4,4,5,5,4,4,5,5,5,5,4,4,3,3,5,5,4,4,5,5,5,5,3,3,5,5,5,5,5,5,5,5,3,3,5,5,3,3,5,5,5,5,5,5,5,5,4,4,5,5,27,2,English ,2,2,11,6
2,59,65e15fd24b872be094cb697e,5,5,4,5,4,4,4,1,4,3,3,5,5,5,5,5,3,1,4,2,5,3,5,4,5,5,1,1,5,5,5,5,5,5,5,5,3,3,4,4,5,5,5,4,5,5,5,4,5,4,4,1,5,4,5,5,5,4,2,2,4,4,4,4,5,5,4,3,2,2,4,4,5,5,5,4,5,2,1,1,5,3,4,1,5,3,4,2,4,1,5,4,5,4,5,4,22,1,"English, Mandarin, Spanish",1,2,2,5
2,60,62dc587c7c0dd665ce6c299c,5,5,5,4,5,4,1,1,4,5,5,5,5,5,4,4,2,2,5,5,4,5,5,5,5,5,1,1,5,5,2,3,5,5,5,5,3,1,5,5,5,5,5,5,5,5,5,5,5,5,4,4,5,5,5,5,4,3,3,2,5,5,5,5,5,5,5,4,2,3,4,4,5,5,5,4,5,4,2,2,4,5,4,3,5,5,5,5,4,4,5,5,1,1,5,5,30,1,English,1,2,8,5
2,61,5e5b136d87c7583162ac12d3,5,2,5,4,5,4,5,1,5,5,5,3,4,4,5,4,3,1,5,5,5,4,5,5,5,4,2,1,5,5,4,4,5,4,5,5,4,3,5,4,4,1,5,1,3,3,5,2,5,5,5,3,5,5,5,5,5,2,5,1,4,1,5,2,5,5,5,2,3,1,5,3,5,5,5,5,5,4,2,1,5,5,4,2,5,4,5,2,5,1,5,5,5,1,5,2,35,2,English,1,2,11,5
2,62,5589629dfdf99b72ead88339,5,4,4,5,5,3,5,2,5,4,5,4,5,4,4,4,5,1,5,3,4,3,5,4,5,3,2,2,5,4,5,5,5,5,5,4,5,2,5,4,5,4,5,4,5,5,5,4,4,3,4,2,5,2,4,3,4,2,4,2,4,2,5,2,5,4,4,3,4,1,5,4,4,4,5,2,5,2,2,1,4,2,5,1,5,4,5,2,5,2,5,3,4,2,5,4,45,1,english,1,2,3,5
2,63,610acf4854e2d5c802d22419,5,4,5,5,5,3,4,1,5,4,5,3,5,5,5,5,4,1,5,5,5,5,5,5,5,5,1,1,5,5,5,5,5,5,5,4,5,4,4,5,5,5,5,5,5,5,5,5,5,5,4,2,5,5,5,5,5,5,5,3,5,4,5,4,5,5,5,4,4,2,5,5,5,5,5,5,5,5,4,2,5,5,4,1,5,5,5,5,5,2,5,4,2,1,5,5,34,2,English,1,2,7,6
2,64,65bf959e8ad6d86caee43b3a,5,5,5,5,5,5,4,3,5,5,5,3,5,5,4,4,5,4,5,4,5,4,4,3,5,5,4,4,5,5,5,5,5,4,5,5,5,4,5,4,5,4,5,5,5,5,5,4,5,4,5,3,5,4,4,3,4,3,4,3,5,2,5,3,4,3,4,4,5,2,4,4,5,3,4,3,5,4,5,4,5,3,2,1,5,4,4,3,5,4,5,4,4,3,5,5,61,2,English,1,2,9,6
2,65,55d7e6f669dbc30012b6826e,4,3,4,3,5,4,4,4,4,4,4,3,4,4,4,4,2,2,5,4,4,4,5,4,5,5,2,1,5,5,4,4,5,5,4,5,5,4,5,5,5,4,5,5,5,4,5,4,4,4,5,4,5,4,5,5,5,4,4,4,5,4,4,5,5,5,4,4,4,3,5,5,4,4,5,5,4,4,2,2,4,3,4,3,5,5,4,4,5,4,5,4,5,4,5,5,67,2,english,1,2,2,3
2,66,65075adb0ee2f5d45a41aca3,5,4,5,5,5,3,2,1,5,3,4,2,5,4,5,4,2,1,5,4,5,3,5,4,5,5,2,2,5,5,4,4,5,5,5,4,5,4,4,5,3,2,4,5,5,5,5,5,5,4,4,1,5,2,5,3,4,1,3,1,5,3,5,3,5,5,5,2,3,1,4,4,5,4,5,3,5,2,2,2,5,5,2,1,5,3,5,2,3,1,5,3,2,1,5,4,65,2,English,1,2,7,5
2,67,63d7f80401303445721dcd49,5,5,5,5,5,5,3,3,5,5,5,5,4,5,5,5,4,3,5,5,5,4,5,5,5,5,1,1,5,5,5,5,5,5,5,4,3,2,5,5,5,5,5,5,5,5,5,5,5,5,5,4,5,5,5,5,5,5,3,2,5,4,5,5,5,5,5,5,4,3,5,5,5,3,5,4,5,3,4,2,5,5,3,1,5,5,5,4,5,3,5,5,4,4,5,5,42,1,English ,1,2,12,4
2,68,63614cab87b22b72231c66e0,5,5,5,5,5,5,5,3,5,5,5,3,5,5,5,5,3,2,5,5,5,5,5,5,5,5,4,3,5,5,5,5,5,5,5,5,5,5,5,5,5,5,5,5,5,5,5,5,5,5,5,3,5,5,5,4,5,4,5,4,4,5,5,5,5,5,5,5,4,3,5,5,5,5,5,5,5,5,4,4,5,5,5,3,5,5,5,4,5,4,5,5,5,4,5,4,26,1,english,1,2,1,1
2,69,5f90581950d8520e8c7d3890,5,5,5,5,5,5,3,3,5,5,5,5,5,5,5,5,3,3,5,5,3,3,5,5,5,5,3,3,5,5,5,5,5,5,5,5,5,5,5,5,5,5,5,5,5,5,5,5,5,5,3,3,5,5,5,5,5,5,4,4,5,5,5,5,5,5,5,5,4,4,5,5,5,5,5,5,5,5,2,2,5,5,5,5,5,5,5,5,5,5,5,5,5,5,5,5,33,1,English ,1,2,12,6
2,70,5deb638bff7f7126d6fb5142,5,5,5,4,5,3,3,2,5,4,4,3,5,5,5,3,4,2,5,4,5,3,5,4,5,4,3,2,5,4,5,5,5,4,5,5,5,3,5,5,5,4,5,4,5,4,5,4,5,5,4,3,5,4,5,4,5,3,4,2,5,4,5,3,5,4,5,3,4,3,5,4,5,5,5,4,5,3,4,3,5,4,4,1,5,5,5,4,5,3,5,5,5,3,5,4,48,1,English,1,2,6,5
2,71,5a4444fc56ec1100014a29e1,4,3,3,3,3,3,3,4,3,2,4,5,4,4,4,3,3,4,3,2,4,4,4,4,4,4,1,1,3,3,4,4,3,4,4,4,2,2,2,3,3,3,3,3,3,3,4,4,3,2,4,3,4,2,3,2,4,3,3,2,5,5,5,5,5,5,4,3,3,2,4,5,2,1,3,1,4,4,3,3,3,3,4,4,4,4,4,3,4,5,4,3,4,4,4,4,27,1,English,1,2,9,5
2,72,61367d957261b2657eda1cca,5,5,4,4,5,3,4,2,5,3,5,4,5,5,5,3,4,1,5,5,4,3,5,5,5,3,2,1,5,4,5,4,5,5,5,4,4,3,4,3,5,4,5,4,5,4,5,4,5,4,5,4,5,4,5,4,4,3,4,2,3,2,3,3,5,4,4,3,2,2,3,3,5,4,5,3,4,4,4,3,5,5,2,1,5,3,5,2,5,2,5,4,1,2,4,3,30,2,English,1,2,10,4
2,73,65b0092d46881d2c618705e7,4,2,5,2,4,2,5,5,3,5,4,1,3,4,5,5,5,5,5,3,4,3,3,5,5,5,4,4,4,4,5,4,4,3,5,5,5,5,4,3,5,5,4,5,4,3,3,5,4,1,4,2,5,5,5,4,5,5,4,1,5,1,5,2,5,2,4,3,5,4,5,4,5,3,3,4,5,3,4,2,3,4,5,2,4,5,2,2,5,4,4,5,5,2,4,1,34,2,Enlgish,3,2,5,6
2,74,65556d0f12432ce8e2fb05df,5,5,5,5,5,4,4,2,4,4,4,2,4,5,5,4,3,1,5,3,5,4,5,4,5,4,3,2,5,5,4,5,5,5,5,5,5,3,5,4,3,4,4,3,4,3,4,4,5,5,3,1,5,3,5,3,5,2,4,2,4,3,5,2,5,5,5,2,3,1,5,3,3,5,5,4,5,1,3,1,5,2,3,1,3,2,3,1,3,1,4,1,3,2,5,4,58,2,English,1,2,11,5
2,75,60863e5017b890dbc90d0bfb,5,5,4,3,4,2,1,1,2,5,3,2,4,5,4,3,1,1,4,3,3,3,5,4,2,2,1,1,4,4,4,5,4,3,4,4,5,3,4,5,3,3,5,4,4,4,5,4,4,5,4,2,5,5,2,2,4,2,1,1,3,2,4,5,5,5,3,1,1,1,4,5,5,4,3,2,2,1,2,1,3,5,2,1,5,5,5,3,2,1,4,5,1,2,5,4,21,2,English,1,2,11,3
2,76,60bc2284cfc4b7c2ab9cacdb,5,5,5,5,5,5,1,1,5,5,2,2,5,5,5,5,2,1,5,4,5,4,5,5,5,5,1,2,5,5,4,4,5,5,5,5,4,3,5,5,4,4,5,5,5,5,5,5,5,5,3,3,5,5,5,5,3,3,4,3,5,4,5,5,5,5,5,5,2,2,4,4,5,5,5,5,5,4,3,2,4,5,1,1,5,5,5,4,5,4,5,5,3,3,5,5,48,2,English,1,2,2,3
2,77,5f14ec973c6e2c5783187efa,5,5,5,5,5,4,4,3,5,5,4,3,5,5,5,4,4,3,5,4,5,4,5,4,5,4,2,2,5,5,5,5,5,5,5,5,1,1,5,4,5,4,5,4,5,4,5,4,5,4,5,4,5,4,5,4,5,3,5,3,5,4,5,4,5,5,4,3,4,4,5,4,4,4,5,4,5,4,4,3,5,4,4,3,4,4,5,5,5,4,5,5,4,3,5,4,49,2,English,1,2,12,3
2,78,5c0bd930a822970001a95603,5,5,5,5,5,5,5,2,5,5,2,2,5,5,5,5,3,1,5,5,5,3,5,2,5,5,2,1,5,5,3,2,5,5,5,5,5,5,5,5,4,3,5,5,5,5,5,5,5,5,3,1,5,5,5,2,5,3,4,1,5,4,5,4,5,5,5,3,4,1,5,5,5,5,5,5,5,3,3,1,5,4,4,1,5,5,4,3,4,2,5,5,2,2,5,5,39,2,English,1,2,7,3
2,79,6088bc50c879ec7d3024d06e,2,1,4,3,5,3,3,1,3,1,5,2,5,5,5,4,3,1,3,2,5,4,5,5,4,2,1,1,4,2,3,1,4,2,4,2,4,1,2,1,3,1,4,2,4,3,4,3,4,2,5,4,5,3,5,5,3,1,2,1,4,4,5,5,5,5,4,2,3,2,4,4,5,4,5,1,5,2,2,1,3,1,3,1,4,3,4,2,4,1,4,3,1,1,5,3,41,1,English,1,2,1,7
2,80,62e1f3f870894e12168113c5,5,5,5,5,4,3,2,1,5,5,5,5,5,5,5,4,1,1,5,4,4,4,5,5,5,5,1,1,5,5,5,4,5,5,5,5,5,5,5,5,5,5,5,5,5,5,5,5,5,4,4,3,4,5,5,5,5,5,4,3,4,4,5,5,4,4,5,4,5,5,2,2,5,5,5,5,5,4,2,2,5,5,2,2,5,4,5,5,4,2,5,4,4,3,5,5,33,1,english,1,2,11,5
2,81,63384cd0e6ee61524fca714e,5,5,4,4,5,5,4,3,5,4,5,5,5,5,5,4,5,3,5,5,5,5,5,5,5,3,2,1,5,5,5,5,5,5,5,5,5,5,5,5,5,5,5,5,5,5,5,5,5,5,4,3,5,5,5,5,4,4,4,3,5,5,5,5,5,5,4,4,4,3,5,5,5,5,5,5,5,4,4,2,5,5,4,3,5,5,5,5,5,4,5,5,4,3,5,5,73,2,English,2,2,4,3
2,82,62897d2024f826ea90b7efa1,5,2,5,2,5,2,5,2,4,2,5,3,5,4,5,3,5,2,5,3,5,3,5,2,5,4,2,2,5,5,5,5,5,4,5,4,5,4,5,5,5,4,5,4,5,4,5,4,5,3,5,5,5,4,5,4,5,3,4,2,4,4,5,4,5,4,5,4,4,2,5,5,5,3,5,3,5,2,4,2,5,3,5,1,5,3,4,2,4,2,5,3,5,2,4,3,70,2,English,1,2,12,5
2,83,644f162cac2c2b8aa0583b89,5,5,5,5,5,4,5,3,5,4,5,4,3,3,4,4,3,2,5,4,4,4,4,4,5,5,2,1,5,5,5,5,5,5,5,5,5,2,5,5,4,3,5,5,5,4,4,4,5,4,3,1,3,1,3,2,5,5,4,2,5,4,5,4,5,4,5,4,5,4,5,4,4,3,4,2,4,3,3,2,4,3,1,1,5,3,5,4,5,3,4,3,4,2,5,3,54,2,English,1,2,5,2
2,84,5942fb107ccfd00001d3ed7d,3,2,4,3,4,4,3,1,5,4,2,5,5,5,4,3,1,2,4,3,3,2,4,5,4,2,1,1,4,4,5,5,4,4,4,3,4,3,5,5,5,5,4,4,5,5,4,4,4,3,3,3,4,5,5,4,3,2,1,1,4,3,4,2,5,4,4,5,3,2,3,4,4,3,5,4,4,3,2,2,5,5,4,1,5,4,4,1,3,2,2,1,1,2,5,1,68,1,english,4,2,2,3
2,85,6529803fa8425da3fdfe0ff8,5,5,5,4,5,5,5,2,5,5,5,5,5,5,5,5,3,2,5,5,5,5,5,5,5,5,1,1,5,5,5,5,5,5,5,5,4,5,5,5,5,5,5,5,5,5,5,5,5,5,5,5,5,5,5,5,5,5,5,4,5,5,5,5,5,5,5,5,3,2,5,5,5,5,2,4,5,5,2,5,5,5,2,3,5,5,5,5,5,5,5,5,3,3,5,5,35,3,English,1,2,2,5
2,86,65abd6319d83c7246aa08193,4,4,4,3,4,3,4,3,4,3,4,2,5,5,4,4,2,3,4,3,4,4,4,3,4,3,4,4,5,5,3,2,5,5,4,5,4,3,5,5,5,5,5,5,5,5,5,4,5,5,4,3,5,5,5,5,5,4,3,2,5,4,5,4,5,5,4,4,3,2,5,5,5,4,4,4,4,4,3,3,5,5,4,4,5,4,5,3,5,4,4,4,4,4,5,5,28,1,English,1,2,6,5
2,87,6483b3662d98a34fa389dcd7,5,3,5,2,5,2,4,1,4,2,5,2,5,1,5,1,4,1,5,1,5,1,5,1,5,1,3,1,5,3,5,2,5,1,5,2,5,1,5,4,5,3,5,2,5,2,5,2,5,1,5,2,5,4,5,4,5,4,4,2,4,2,5,4,5,3,5,2,5,2,5,2,5,3,5,2,5,2,3,1,5,3,3,2,5,3,5,1,5,1,5,1,4,2,5,2,51,2,English,1,2,2,3
2,88,656f18a4879aba85a3134f00,5,3,4,3,5,4,5,4,5,5,5,5,5,4,4,2,4,2,4,3,4,3,5,4,4,3,4,2,5,4,4,3,4,3,5,3,4,2,5,4,5,3,4,3,5,5,4,1,5,4,4,1,5,5,5,5,4,3,3,1,5,3,5,3,5,3,4,4,3,2,5,3,5,2,4,2,5,3,2,1,5,3,4,2,4,3,4,2,4,2,5,4,3,1,5,4,34,1,ENGLISH,1,2,12,7
2,89,56272eeeddff3c0011bcdb7e,4,4,5,5,5,5,4,3,4,5,5,5,1,1,5,4,1,1,5,5,5,4,5,5,4,5,1,1,5,5,4,4,5,5,5,5,4,3,4,4,4,4,5,5,4,5,5,5,4,5,5,4,5,4,5,5,4,4,4,2,5,5,5,5,5,4,5,5,4,4,5,4,5,5,5,5,5,5,3,2,5,5,4,4,5,4,5,4,4,4,5,4,2,2,5,5,26,2,english,1,1,4,3
2,90,63d79f4700b0f6f94da70790,5,5,5,5,5,4,2,2,5,4,5,5,5,5,5,4,2,2,5,4,5,5,5,5,5,5,1,1,5,5,5,5,5,5,5,5,5,4,5,5,5,5,5,4,5,4,5,4,5,4,5,4,5,4,5,5,5,4,4,3,5,5,5,5,5,5,5,4,4,2,5,5,5,5,5,5,5,4,4,1,5,4,5,5,5,4,5,4,5,3,5,4,4,4,5,4,25,1,English,1,2,8,3
2,91,65a1ffc87be6e728c2c207c9,5,5,5,5,5,5,2,2,5,5,4,4,5,5,5,5,2,2,5,5,4,4,5,5,5,5,1,1,5,5,4,4,5,5,5,5,5,4,5,5,5,5,5,5,5,5,5,5,5,5,4,4,5,5,5,5,5,5,4,4,5,5,5,5,5,5,5,5,4,2,5,5,5,5,5,5,5,5,2,2,5,5,2,2,5,5,5,5,5,3,5,5,2,3,5,5,34,2,English,1,2,3,2
2,92,5994e9b2f9db7d0001895864,5,5,5,3,5,1,4,2,3,1,5,1,5,5,5,5,3,1,5,5,5,4,5,4,5,5,2,1,4,4,5,5,5,3,3,1,5,5,5,5,5,3,5,5,5,5,5,5,5,4,5,1,5,3,5,3,5,2,3,1,4,3,5,3,5,5,5,3,3,1,5,2,5,2,5,3,5,1,3,1,5,1,5,1,5,3,5,4,5,1,5,5,3,1,5,1,39,2,English ,1,2,8,3
2,93,615e1782e969d4939045c54f,4,4,4,4,4,4,4,3,4,4,4,4,4,4,4,3,3,2,4,4,4,4,4,4,4,4,3,2,4,4,4,4,4,4,4,4,3,2,4,4,4,4,4,4,4,4,3,3,4,4,3,2,4,3,4,4,3,3,3,2,4,4,4,4,4,4,4,4,4,3,4,4,4,4,4,4,4,4,3,3,4,3,4,4,4,4,4,3,3,3,4,4,4,4,4,4,32,1,English,1,2,10,5
2,94,632b3017a1169b3aa44c0d66,5,4,4,3,5,3,4,5,5,4,2,4,5,4,4,4,2,2,5,3,5,3,4,3,4,5,1,1,5,5,5,5,5,5,5,5,5,2,5,4,5,4,5,4,5,3,5,5,5,3,5,2,4,2,5,3,4,2,4,2,5,3,5,3,5,5,5,4,4,2,4,2,5,5,5,4,4,4,4,2,5,4,4,2,5,3,5,3,4,2,4,2,2,1,5,4,33,1,,1,2,6,3
2,95,5ebcc573140fea11cf62952c,5,5,4,3,4,4,3,2,3,4,4,3,5,4,4,3,3,2,3,4,3,3,4,3,4,5,2,1,4,4,2,2,4,5,4,4,4,3,4,5,3,4,4,4,4,5,3,4,4,5,3,2,4,3,4,4,4,5,3,3,2,3,3,4,5,4,4,3,2,2,4,4,4,4,4,3,3,2,3,2,4,4,2,1,5,5,4,4,3,3,3,5,2,3,5,5,31,1,English,1,2,12,7
2,96,65b6bb9487ad05cb475fbba5,5,5,5,5,5,5,4,2,5,5,4,4,5,5,5,4,4,2,4,4,5,5,5,5,5,5,2,1,5,5,5,5,5,5,5,5,4,3,5,5,4,4,5,5,5,5,5,5,5,4,4,2,4,3,5,5,4,3,2,2,4,4,5,4,5,5,4,3,4,1,5,5,5,5,5,5,5,4,4,3,5,5,4,3,5,5,5,5,5,4,5,4,4,4,5,5,57,2,English,1,2,5,5
2,97,63052f20afc39e87110eb83e,4,5,4,5,4,4,2,2,5,5,4,5,5,5,4,3,1,1,5,5,4,3,5,5,5,5,1,1,5,5,4,5,5,5,5,5,3,3,3,5,4,5,5,5,4,5,5,4,5,5,4,3,5,3,5,5,4,3,3,2,4,4,5,5,5,5,4,3,2,1,5,5,5,5,5,5,4,3,2,1,4,5,2,3,4,4,4,4,4,3,4,5,4,3,4,5,45,1,English,4,2,9,2